,Sales,Sales,Sales,Sales,Sales,Sales,Sales,Sales,Quantity,Quantity,Quantity,Quantity,Quantity,Quantity,Quantity,Quantity,Discount,Discount,Discount,Discount,Discount,Discount,Discount,Discount,Profit,Profit,Profit,Profit,Profit,Profit,Profit,Profit
,count,mean,std,min,25%,50%,75%,max,count,mean,std,min,25%,50%,75%,max,count,mean,std,min,25%,50%,75%,max,count,mean,std,min,25%,50%,75%,max
k_means_clusters,,,,,,,,,,,,,,,,,,,,,,,,,,,,,,,,
0,1346.0,151.29600081723626,129.32929594524686,0.99,46.33,107.97,237.5,695.7,1346.0,2.9517087667161963,1.1432234703784745,1.0,2.0,3.0,4.0,6.0,1346.0,0.11470282317979198,0.1260445756085952,0.0,0.0,0.2,0.2,0.7,1346.0,24.71343736998514,36.97189321253854,-168.819,4.4786,15.994,38.5565,177.5889
1,1576.0,119.38178984771574,161.99654099124393,1.344,20.89,49.12,145.8625,1421.664,1576.0,5.13515228426396,1.11446835882699,2.0,4.0,5.0,6.0,9.0,1576.0,0.18199238578680207,0.23708995534630717,0.0,0.0,0.2,0.2,0.8,1576.0,6.014796700507615,62.650161226561885,-734.5264,1.2636,9.301,23.3793,156.751
2,143.0,553.1934685314686,187.72173746700471,151.62,425.03499999999997,540.57,655.34,1245.86,143.0,6.7622377622377625,2.12615516889665,2.0,5.0,7.0,9.0,11.0,143.0,0.03636363636363637,0.07649491794355218,0.0,0.0,0.0,0.0,0.2,143.0,159.49282517482516,78.22168020375861,6.7655,110.8108,152.388,206.6232,385.3752
3,1141.0,120.72290797546012,136.02275855195566,2.08,30.96,63.68,158.9,876.3,1141.0,7.0184049079754605,1.6369134136004302,4.0,6.0,7.0,8.0,11.0,1141.0,0.13787905346187554,0.19641807208939255,0.0,0.0,0.0,0.2,0.8,1141.0,21.02616976336547,46.490952664177335,-407.976,6.6584,16.7132,37.9176,180.7659
4,4766.0,73.17994916072179,115.76133467852445,0.444,10.323,23.675,78.676,1299.99,4766.0,2.368233319345363,0.8784167915724579,1.0,2.0,2.0,3.0,7.0,4766.0,0.1730255979857323,0.22323669362423917,0.0,0.0,0.2,0.2,0.8,4766.0,-0.7443663029794376,53.00816880286448,-729.9138,0.591975,4.3464,10.934999999999999,182.3553
5,787.0,985.2373165184243,413.42016341130915,359.976,659.9,887.84,1217.568,2279.96,787.0,4.646759847522237,2.0164082765967093,1.0,3.0,4.0,6.0,11.0,787.0,0.11270648030495554,0.12011410603839417,0.0,0.0,0.1,0.2,0.5,787.0,162.20292299872935,188.48445553759615,-653.2834,60.4336,140.391,255.078,767.2005
