Model,Test RMSE,Test MAE,Test R2
XGBoost,39.42053068938647,14.150040813453597,0.8079250952804189
Gradient Boosting,36.194012555240114,13.680052840267063,0.8380804982758708
Random Forest,40.40059609305096,15.02012665625928,0.7982557157647392
